[
  {
    "_id": "6009be0148dfb71f8ec4d8c3",
    "title": "1 Samtykke til helsehjelp",
    "displayTitle": "",
    "body": "",
    "_classes": "background-image1",
    "_isOptional": true,
    "_isAvailable": true,
    "_parentId": "6009be0148dfb71f8ec4d8c2",
    "_type": "article",
    "_onScreen": {
      "_isEnabled": false,
      "_classes": "",
      "_percentInviewVertical": 50
    },
    "_search": {
      "_isEnabled": true,
      "keywords": ""
    },
    "_trickle": {
      "_isEnabled": false,
      "_autoScroll": false,
      "_scrollDuration": 500,
      "_onChildren": false,
      "_scrollTo": "@block +1",
      "_button": {
        "_isEnabled": false,
        "_styleBeforeCompletion": "hidden",
        "_styleAfterClick": "hidden",
        "_isFullWidth": true,
        "_autoHide": false,
        "_className": "",
        "text": "Continue",
        "startText": "Begin",
        "finalText": "Finish",
        "_component": "trickle-button"
      },
      "_stepLocking": {
        "_isEnabled": true,
        "_isCompletionRequired": true,
        "_isLockedOnRevisit": false
      }
    }
  },
  {
    "_id": "6009be0148dfb71f8ec4d8c4",
    "title": "1.1 Ditt juridiske ansvar",
    "displayTitle": "",
    "body": "",
    "_classes": "background-image2",
    "_isOptional": false,
    "_isAvailable": true,
    "_parentId": "6009be0148dfb71f8ec4d8c2",
    "_type": "article",
    "_onScreen": {
      "_isEnabled": false,
      "_classes": "",
      "_percentInviewVertical": 50
    },
    "_search": {
      "_isEnabled": true,
      "keywords": ""
    },
    "_trickle": {
      "_isEnabled": false,
      "_autoScroll": false,
      "_scrollDuration": 500,
      "_onChildren": false,
      "_scrollTo": "@block +1",
      "_button": {
        "_isEnabled": false,
        "_styleBeforeCompletion": "hidden",
        "_styleAfterClick": "hidden",
        "_isFullWidth": true,
        "_autoHide": false,
        "_className": "",
        "text": "Continue",
        "startText": "Begin",
        "finalText": "Finish",
        "_component": "trickle-button"
      },
      "_stepLocking": {
        "_isEnabled": true,
        "_isCompletionRequired": true,
        "_isLockedOnRevisit": false
      }
    }
  },
  {
    "_id": "6009be0148dfb71f8ec4d8c5",
    "title": "1.2 Helsehjelp",
    "displayTitle": "",
    "body": "",
    "_classes": " background-image3",
    "_isOptional": true,
    "_isAvailable": true,
    "_parentId": "6009be0148dfb71f8ec4d8c2",
    "_type": "article",
    "_onScreen": {
      "_isEnabled": false,
      "_classes": "",
      "_percentInviewVertical": 50
    },
    "_search": {
      "_isEnabled": true,
      "keywords": ""
    },
    "_trickle": {
      "_isEnabled": false,
      "_autoScroll": false,
      "_scrollDuration": 500,
      "_onChildren": false,
      "_scrollTo": "@block +1",
      "_button": {
        "_isEnabled": false,
        "_styleBeforeCompletion": "hidden",
        "_styleAfterClick": "hidden",
        "_isFullWidth": true,
        "_autoHide": false,
        "_className": "",
        "text": "Continue",
        "startText": "Begin",
        "finalText": "Finish",
        "_component": "trickle-button"
      },
      "_stepLocking": {
        "_isEnabled": true,
        "_isCompletionRequired": true,
        "_isLockedOnRevisit": false
      }
    }
  },
  {
    "_id": "6009be0148dfb71f8ec4d8c6",
    "title": "1.3 Samtykke til helsehjelp",
    "displayTitle": "",
    "body": "",
    "_classes": "background-image2",
    "_isOptional": false,
    "_isAvailable": true,
    "_parentId": "6009be0148dfb71f8ec4d8c2",
    "_type": "article",
    "_onScreen": {
      "_isEnabled": false,
      "_classes": "",
      "_percentInviewVertical": 50
    },
    "_search": {
      "_isEnabled": true,
      "keywords": ""
    },
    "_trickle": {
      "_isEnabled": false,
      "_autoScroll": false,
      "_scrollDuration": 500,
      "_onChildren": false,
      "_scrollTo": "@block +1",
      "_button": {
        "_isEnabled": false,
        "_styleBeforeCompletion": "hidden",
        "_styleAfterClick": "hidden",
        "_isFullWidth": true,
        "_autoHide": false,
        "_className": "",
        "text": "Continue",
        "startText": "Begin",
        "finalText": "Finish",
        "_component": "trickle-button"
      },
      "_stepLocking": {
        "_isEnabled": true,
        "_isCompletionRequired": true,
        "_isLockedOnRevisit": false
      }
    }
  },
  {
    "_id": "6009be0248dfb71f8ec4d8c7",
    "title": "1.4 Krav til et gyldig samtykke",
    "displayTitle": "",
    "body": "",
    "_classes": "background-image3",
    "_isOptional": false,
    "_isAvailable": true,
    "_parentId": "6009be0148dfb71f8ec4d8c2",
    "_type": "article",
    "_onScreen": {
      "_isEnabled": false,
      "_classes": "",
      "_percentInviewVertical": 50
    },
    "_search": {
      "_isEnabled": true,
      "keywords": ""
    },
    "_trickle": {
      "_isEnabled": false,
      "_autoScroll": false,
      "_scrollDuration": 500,
      "_onChildren": false,
      "_scrollTo": "@block +1",
      "_button": {
        "_isEnabled": false,
        "_styleBeforeCompletion": "hidden",
        "_styleAfterClick": "hidden",
        "_isFullWidth": true,
        "_autoHide": false,
        "_className": "",
        "text": "Continue",
        "startText": "Begin",
        "finalText": "Finish",
        "_component": "trickle-button"
      },
      "_stepLocking": {
        "_isEnabled": true,
        "_isCompletionRequired": true,
        "_isLockedOnRevisit": false
      }
    }
  },
  {
    "_id": "6009be0248dfb71f8ec4d8c8",
    "title": "1.5 Krav til samtykkets form ",
    "displayTitle": "",
    "body": "",
    "_classes": "background-image2",
    "_isOptional": false,
    "_isAvailable": true,
    "_parentId": "6009be0148dfb71f8ec4d8c2",
    "_type": "article",
    "_onScreen": {
      "_isEnabled": false,
      "_classes": "",
      "_percentInviewVertical": 50
    },
    "_search": {
      "_isEnabled": true,
      "keywords": ""
    },
    "_trickle": {
      "_isEnabled": false,
      "_autoScroll": false,
      "_scrollDuration": 500,
      "_onChildren": false,
      "_scrollTo": "@block +1",
      "_button": {
        "_isEnabled": false,
        "_styleBeforeCompletion": "hidden",
        "_styleAfterClick": "hidden",
        "_isFullWidth": true,
        "_autoHide": false,
        "_className": "",
        "text": "Continue",
        "startText": "Begin",
        "finalText": "Finish",
        "_component": "trickle-button"
      },
      "_stepLocking": {
        "_isEnabled": true,
        "_isCompletionRequired": true,
        "_isLockedOnRevisit": false
      }
    }
  },
  {
    "_id": "6009be0248dfb71f8ec4d8c9",
    "title": "1.6 Alder",
    "displayTitle": "",
    "body": "",
    "_classes": "background-image3",
    "_isOptional": false,
    "_isAvailable": true,
    "_parentId": "6009be0148dfb71f8ec4d8c2",
    "_type": "article",
    "_onScreen": {
      "_isEnabled": false,
      "_classes": "",
      "_percentInviewVertical": 50
    },
    "_search": {
      "_isEnabled": true,
      "keywords": ""
    },
    "_trickle": {
      "_isEnabled": false,
      "_autoScroll": false,
      "_scrollDuration": 500,
      "_onChildren": false,
      "_scrollTo": "@block +1",
      "_button": {
        "_isEnabled": false,
        "_styleBeforeCompletion": "hidden",
        "_styleAfterClick": "hidden",
        "_isFullWidth": true,
        "_autoHide": false,
        "_className": "",
        "text": "Continue",
        "startText": "Begin",
        "finalText": "Finish",
        "_component": "trickle-button"
      },
      "_stepLocking": {
        "_isEnabled": true,
        "_isCompletionRequired": true,
        "_isLockedOnRevisit": false
      }
    }
  },
  {
    "_id": "6009be0248dfb71f8ec4d8ca",
    "title": "1.7 Samtykke på vegne av andre",
    "displayTitle": "",
    "body": "",
    "_classes": "background-image2",
    "_isOptional": false,
    "_isAvailable": true,
    "_parentId": "6009be0148dfb71f8ec4d8c2",
    "_type": "article",
    "_onScreen": {
      "_isEnabled": false,
      "_classes": "",
      "_percentInviewVertical": 50
    },
    "_search": {
      "_isEnabled": true,
      "keywords": ""
    },
    "_trickle": {
      "_isEnabled": false,
      "_autoScroll": false,
      "_scrollDuration": 500,
      "_onChildren": false,
      "_scrollTo": "@block +1",
      "_button": {
        "_isEnabled": false,
        "_styleBeforeCompletion": "hidden",
        "_styleAfterClick": "hidden",
        "_isFullWidth": true,
        "_autoHide": false,
        "_className": "",
        "text": "Continue",
        "startText": "Begin",
        "finalText": "Finish",
        "_component": "trickle-button"
      },
      "_stepLocking": {
        "_isEnabled": true,
        "_isCompletionRequired": true,
        "_isLockedOnRevisit": false
      }
    }
  },
  {
    "_id": "6009be0248dfb71f8ec4d8cb",
    "title": "1.8 En generell forståelse",
    "displayTitle": "",
    "body": "",
    "_classes": "background-image3",
    "_isOptional": false,
    "_isAvailable": true,
    "_parentId": "6009be0148dfb71f8ec4d8c2",
    "_type": "article",
    "_onScreen": {
      "_isEnabled": false,
      "_classes": "",
      "_percentInviewVertical": 50
    },
    "_search": {
      "_isEnabled": true,
      "keywords": ""
    },
    "_trickle": {
      "_isEnabled": false,
      "_autoScroll": false,
      "_scrollDuration": 500,
      "_onChildren": false,
      "_scrollTo": "@block +1",
      "_button": {
        "_isEnabled": false,
        "_styleBeforeCompletion": "hidden",
        "_styleAfterClick": "hidden",
        "_isFullWidth": true,
        "_autoHide": false,
        "_className": "",
        "text": "Continue",
        "startText": "Begin",
        "finalText": "Finish",
        "_component": "trickle-button"
      },
      "_stepLocking": {
        "_isEnabled": true,
        "_isCompletionRequired": true,
        "_isLockedOnRevisit": false
      }
    }
  },
  {
    "_id": "6009be0248dfb71f8ec4d8cc",
    "title": "1.9 Informasjon og forståelse",
    "displayTitle": "",
    "body": "",
    "_classes": "background-image2",
    "_isOptional": false,
    "_isAvailable": true,
    "_parentId": "6009be0148dfb71f8ec4d8c2",
    "_type": "article",
    "_onScreen": {
      "_isEnabled": false,
      "_classes": "",
      "_percentInviewVertical": 50
    },
    "_search": {
      "_isEnabled": true,
      "keywords": ""
    },
    "_trickle": {
      "_isEnabled": false,
      "_autoScroll": false,
      "_scrollDuration": 500,
      "_onChildren": false,
      "_scrollTo": "@block +1",
      "_button": {
        "_isEnabled": false,
        "_styleBeforeCompletion": "hidden",
        "_styleAfterClick": "hidden",
        "_isFullWidth": true,
        "_autoHide": false,
        "_className": "",
        "text": "Continue",
        "startText": "Begin",
        "finalText": "Finish",
        "_component": "trickle-button"
      },
      "_stepLocking": {
        "_isEnabled": true,
        "_isCompletionRequired": true,
        "_isLockedOnRevisit": false
      }
    }
  },
  {
    "_id": "6009be0248dfb71f8ec4d8cd",
    "title": "1.10 Samtykkekompetanse handler om forståelse",
    "displayTitle": "",
    "body": "",
    "_classes": "background-image3",
    "_isOptional": false,
    "_isAvailable": true,
    "_parentId": "6009be0148dfb71f8ec4d8c2",
    "_type": "article",
    "_onScreen": {
      "_isEnabled": false,
      "_classes": "",
      "_percentInviewVertical": 50
    },
    "_search": {
      "_isEnabled": true,
      "keywords": ""
    },
    "_trickle": {
      "_isEnabled": false,
      "_autoScroll": false,
      "_scrollDuration": 500,
      "_onChildren": false,
      "_scrollTo": "@block +1",
      "_button": {
        "_isEnabled": false,
        "_styleBeforeCompletion": "hidden",
        "_styleAfterClick": "hidden",
        "_isFullWidth": true,
        "_autoHide": false,
        "_className": "",
        "text": "Continue",
        "startText": "Begin",
        "finalText": "Finish",
        "_component": "trickle-button"
      },
      "_stepLocking": {
        "_isEnabled": true,
        "_isCompletionRequired": true,
        "_isLockedOnRevisit": false
      }
    }
  },
  {
    "_id": "6009be0248dfb71f8ec4d8ce",
    "title": "1.11 Hvis pasienten ombestemmer seg",
    "displayTitle": "",
    "body": "",
    "_classes": "background-image2",
    "_isOptional": false,
    "_isAvailable": true,
    "_parentId": "6009be0148dfb71f8ec4d8c2",
    "_type": "article",
    "_onScreen": {
      "_isEnabled": false,
      "_classes": "",
      "_percentInviewVertical": 50
    },
    "_search": {
      "_isEnabled": true,
      "keywords": ""
    },
    "_trickle": {
      "_isEnabled": false,
      "_autoScroll": false,
      "_scrollDuration": 500,
      "_onChildren": false,
      "_scrollTo": "@block +1",
      "_button": {
        "_isEnabled": false,
        "_styleBeforeCompletion": "hidden",
        "_styleAfterClick": "hidden",
        "_isFullWidth": true,
        "_autoHide": false,
        "_className": "",
        "text": "Continue",
        "startText": "Begin",
        "finalText": "Finish",
        "_component": "trickle-button"
      },
      "_stepLocking": {
        "_isEnabled": true,
        "_isCompletionRequired": true,
        "_isLockedOnRevisit": false
      }
    }
  },
  {
    "_id": "6009be0248dfb71f8ec4d8cf",
    "title": "1.12 Øyeblikkelig hjelp",
    "displayTitle": "",
    "body": "",
    "_classes": "background-image3",
    "_isOptional": false,
    "_isAvailable": true,
    "_parentId": "6009be0148dfb71f8ec4d8c2",
    "_type": "article",
    "_onScreen": {
      "_isEnabled": false,
      "_classes": "",
      "_percentInviewVertical": 50
    },
    "_search": {
      "_isEnabled": true,
      "keywords": ""
    },
    "_trickle": {
      "_isEnabled": false,
      "_autoScroll": false,
      "_scrollDuration": 500,
      "_onChildren": false,
      "_scrollTo": "@block +1",
      "_button": {
        "_isEnabled": false,
        "_styleBeforeCompletion": "hidden",
        "_styleAfterClick": "hidden",
        "_isFullWidth": true,
        "_autoHide": false,
        "_className": "",
        "text": "Continue",
        "startText": "Begin",
        "finalText": "Finish",
        "_component": "trickle-button"
      },
      "_stepLocking": {
        "_isEnabled": true,
        "_isCompletionRequired": true,
        "_isLockedOnRevisit": false
      }
    }
  },
  {
    "_id": "6009be0248dfb71f8ec4d8d1",
    "title": "1.13 Øyeblikkelig hjelp",
    "displayTitle": "",
    "body": "",
    "_classes": "background-image2",
    "_isOptional": false,
    "_isAvailable": true,
    "_parentId": "6009be0148dfb71f8ec4d8c2",
    "_type": "article",
    "_onScreen": {
      "_isEnabled": false,
      "_classes": "",
      "_percentInviewVertical": 50
    },
    "_search": {
      "_isEnabled": true,
      "keywords": ""
    },
    "_trickle": {
      "_isEnabled": false,
      "_autoScroll": false,
      "_scrollDuration": 500,
      "_onChildren": false,
      "_scrollTo": "@block +1",
      "_button": {
        "_isEnabled": false,
        "_styleBeforeCompletion": "hidden",
        "_styleAfterClick": "hidden",
        "_isFullWidth": true,
        "_autoHide": false,
        "_className": "",
        "text": "Continue",
        "startText": "Begin",
        "finalText": "Finish",
        "_component": "trickle-button"
      },
      "_stepLocking": {
        "_isEnabled": true,
        "_isCompletionRequired": true,
        "_isLockedOnRevisit": false
      }
    }
  },
  {
    "_id": "6009be0248dfb71f8ec4d8d2",
    "title": "1.14 Pasienter uten samtykkekompetanse som ikke motsetter seg helsehjelp",
    "displayTitle": "",
    "body": "",
    "_classes": "background-image3",
    "_isOptional": false,
    "_isAvailable": true,
    "_parentId": "6009be0148dfb71f8ec4d8c2",
    "_type": "article",
    "_onScreen": {
      "_isEnabled": false,
      "_classes": "",
      "_percentInviewVertical": 50
    },
    "_search": {
      "_isEnabled": true,
      "keywords": ""
    },
    "_trickle": {
      "_isEnabled": false,
      "_autoScroll": false,
      "_scrollDuration": 500,
      "_onChildren": false,
      "_scrollTo": "@block +1",
      "_button": {
        "_isEnabled": false,
        "_styleBeforeCompletion": "hidden",
        "_styleAfterClick": "hidden",
        "_isFullWidth": true,
        "_autoHide": false,
        "_className": "",
        "text": "Continue",
        "startText": "Begin",
        "finalText": "Finish",
        "_component": "trickle-button"
      },
      "_stepLocking": {
        "_isEnabled": true,
        "_isCompletionRequired": true,
        "_isLockedOnRevisit": false
      }
    }
  },
  {
    "_id": "6419736fee9fd824e3134831",
    "title": "Article title",
    "displayTitle": "",
    "body": "",
    "_classes": "background-image2",
    "_isOptional": false,
    "_isAvailable": true,
    "_parentId": "6009be0148dfb71f8ec4d8c2",
    "_type": "article",
    "_onScreen": {
      "_isEnabled": false,
      "_classes": "",
      "_percentInviewVertical": 50
    },
    "_trickle": {
      "_isEnabled": false,
      "_autoScroll": false,
      "_scrollDuration": 500,
      "_onChildren": false,
      "_scrollTo": "@block +1",
      "_completionAttribute": "_isComplete",
      "_button": {
        "_isEnabled": false,
        "_styleBeforeCompletion": "hidden",
        "_styleAfterClick": "hidden",
        "_isFullWidth": true,
        "_autoHide": false,
        "_showEndOfPage": true,
        "_className": "",
        "_hasIcon": false,
        "text": "Continue",
        "ariaLabel": "Continue",
        "startText": "Begin",
        "startAriaLabel": "Begin",
        "finalText": "Finish",
        "finalAriaLabel": "Finish",
        "_component": "trickle-button"
      },
      "_stepLocking": {
        "_isEnabled": true,
        "_isCompletionRequired": true,
        "_isLockedOnRevisit": false
      }
    },
    "_pageLevelProgress": {
      "_isEnabled": false,
      "_isCompletionIndicatorEnabled": false
    },
    "_search": {
      "_isEnabled": true,
      "title": "",
      "keywords": ""
    }
  },
  {
    "_id": "6009be0248dfb71f8ec4d8d3",
    "title": "1.16 Pasienter uten samtykkekompetanse",
    "displayTitle": "",
    "body": "",
    "_classes": "background-image3",
    "_isOptional": false,
    "_isAvailable": true,
    "_parentId": "6009be0148dfb71f8ec4d8c2",
    "_type": "article",
    "_onScreen": {
      "_isEnabled": false,
      "_classes": "",
      "_percentInviewVertical": 50
    },
    "_trickle": {
      "_isEnabled": false,
      "_autoScroll": false,
      "_scrollDuration": 500,
      "_onChildren": false,
      "_scrollTo": "@block +1",
      "_completionAttribute": "_isComplete",
      "_button": {
        "_isEnabled": false,
        "_styleBeforeCompletion": "hidden",
        "_styleAfterClick": "hidden",
        "_isFullWidth": true,
        "_autoHide": false,
        "_showEndOfPage": true,
        "_className": "",
        "_hasIcon": false,
        "text": "Continue",
        "ariaLabel": "Continue",
        "startText": "Begin",
        "startAriaLabel": "Begin",
        "finalText": "Finish",
        "finalAriaLabel": "Finish",
        "_component": "trickle-button"
      },
      "_stepLocking": {
        "_isEnabled": true,
        "_isCompletionRequired": true,
        "_isLockedOnRevisit": false
      }
    },
    "_pageLevelProgress": {
      "_isEnabled": false,
      "_isCompletionIndicatorEnabled": false
    },
    "_search": {
      "_isEnabled": true,
      "title": "",
      "keywords": ""
    }
  },
  {
    "_id": "6009be0248dfb71f8ec4d8d4",
    "title": "1.17 Pasienter uten samtykkekompetanse",
    "displayTitle": "",
    "body": "",
    "_classes": "background-image2",
    "_isOptional": false,
    "_isAvailable": true,
    "_parentId": "6009be0148dfb71f8ec4d8c2",
    "_type": "article",
    "_onScreen": {
      "_isEnabled": false,
      "_classes": "",
      "_percentInviewVertical": 50
    },
    "_trickle": {
      "_isEnabled": false,
      "_autoScroll": false,
      "_scrollDuration": 500,
      "_onChildren": false,
      "_scrollTo": "@block +1",
      "_completionAttribute": "_isComplete",
      "_button": {
        "_isEnabled": false,
        "_styleBeforeCompletion": "hidden",
        "_styleAfterClick": "hidden",
        "_isFullWidth": true,
        "_autoHide": false,
        "_showEndOfPage": true,
        "_className": "",
        "_hasIcon": false,
        "text": "Continue",
        "ariaLabel": "Continue",
        "startText": "Begin",
        "startAriaLabel": "Begin",
        "finalText": "Finish",
        "finalAriaLabel": "Finish",
        "_component": "trickle-button"
      },
      "_stepLocking": {
        "_isEnabled": true,
        "_isCompletionRequired": true,
        "_isLockedOnRevisit": false
      }
    },
    "_pageLevelProgress": {
      "_isEnabled": false,
      "_isCompletionIndicatorEnabled": false
    },
    "_search": {
      "_isEnabled": true,
      "title": "",
      "keywords": ""
    }
  },
  {
    "_id": "6009be0248dfb71f8ec4d8d5",
    "title": "1.18 Pasienter uten samtykkekompetanse",
    "displayTitle": "",
    "body": "",
    "_classes": "background-image3",
    "_isOptional": false,
    "_isAvailable": true,
    "_parentId": "6009be0148dfb71f8ec4d8c2",
    "_type": "article",
    "_onScreen": {
      "_isEnabled": false,
      "_classes": "",
      "_percentInviewVertical": 50
    },
    "_trickle": {
      "_isEnabled": false,
      "_autoScroll": false,
      "_scrollDuration": 500,
      "_onChildren": false,
      "_scrollTo": "@block +1",
      "_completionAttribute": "_isComplete",
      "_button": {
        "_isEnabled": false,
        "_styleBeforeCompletion": "hidden",
        "_styleAfterClick": "hidden",
        "_isFullWidth": true,
        "_autoHide": false,
        "_showEndOfPage": true,
        "_className": "",
        "_hasIcon": false,
        "text": "Continue",
        "ariaLabel": "Continue",
        "startText": "Begin",
        "startAriaLabel": "Begin",
        "finalText": "Finish",
        "finalAriaLabel": "Finish",
        "_component": "trickle-button"
      },
      "_stepLocking": {
        "_isEnabled": true,
        "_isCompletionRequired": true,
        "_isLockedOnRevisit": false
      }
    },
    "_pageLevelProgress": {
      "_isEnabled": false,
      "_isCompletionIndicatorEnabled": false
    },
    "_search": {
      "_isEnabled": true,
      "title": "",
      "keywords": ""
    }
  },
  {
    "_id": "6009be0248dfb71f8ec4d8d6",
    "title": "1.19 Vi repeterer",
    "displayTitle": "",
    "body": "",
    "_classes": "background-image2",
    "_isOptional": false,
    "_isAvailable": true,
    "_parentId": "6009be0148dfb71f8ec4d8c2",
    "_type": "article",
    "_onScreen": {
      "_isEnabled": false,
      "_classes": "",
      "_percentInviewVertical": 50
    },
    "_trickle": {
      "_isEnabled": false,
      "_autoScroll": false,
      "_scrollDuration": 500,
      "_onChildren": false,
      "_scrollTo": "@block +1",
      "_completionAttribute": "_isComplete",
      "_button": {
        "_isEnabled": false,
        "_styleBeforeCompletion": "hidden",
        "_styleAfterClick": "hidden",
        "_isFullWidth": true,
        "_autoHide": false,
        "_showEndOfPage": true,
        "_className": "",
        "_hasIcon": false,
        "text": "Continue",
        "ariaLabel": "Continue",
        "startText": "Begin",
        "startAriaLabel": "Begin",
        "finalText": "Finish",
        "finalAriaLabel": "Finish",
        "_component": "trickle-button"
      },
      "_stepLocking": {
        "_isEnabled": true,
        "_isCompletionRequired": true,
        "_isLockedOnRevisit": false
      }
    },
    "_pageLevelProgress": {
      "_isEnabled": false,
      "_isCompletionIndicatorEnabled": false
    },
    "_search": {
      "_isEnabled": true,
      "title": "",
      "keywords": ""
    }
  },
  {
    "_id": "6009be0248dfb71f8ec4d8d7",
    "title": "1.20 Motstand mot helsehjelp",
    "displayTitle": "",
    "body": "",
    "_classes": "background-image3",
    "_isOptional": false,
    "_isAvailable": true,
    "_parentId": "6009be0148dfb71f8ec4d8c2",
    "_type": "article",
    "_onScreen": {
      "_isEnabled": false,
      "_classes": "",
      "_percentInviewVertical": 50
    },
    "_trickle": {
      "_isEnabled": false,
      "_autoScroll": false,
      "_scrollDuration": 500,
      "_onChildren": false,
      "_scrollTo": "@block +1",
      "_completionAttribute": "_isComplete",
      "_button": {
        "_isEnabled": false,
        "_styleBeforeCompletion": "hidden",
        "_styleAfterClick": "hidden",
        "_isFullWidth": true,
        "_autoHide": false,
        "_showEndOfPage": true,
        "_className": "",
        "_hasIcon": false,
        "text": "Continue",
        "ariaLabel": "Continue",
        "startText": "Begin",
        "startAriaLabel": "Begin",
        "finalText": "Finish",
        "finalAriaLabel": "Finish",
        "_component": "trickle-button"
      },
      "_stepLocking": {
        "_isEnabled": true,
        "_isCompletionRequired": true,
        "_isLockedOnRevisit": false
      }
    },
    "_pageLevelProgress": {
      "_isEnabled": false,
      "_isCompletionIndicatorEnabled": false
    },
    "_search": {
      "_isEnabled": true,
      "title": "",
      "keywords": ""
    }
  },
  {
    "_id": "6009be0248dfb71f8ec4d8d8",
    "title": "1.21 Til slutt",
    "displayTitle": "",
    "body": "",
    "_classes": "background-image2",
    "_isOptional": false,
    "_isAvailable": true,
    "_parentId": "6009be0148dfb71f8ec4d8c2",
    "_type": "article",
    "_onScreen": {
      "_isEnabled": false,
      "_classes": "",
      "_percentInviewVertical": 50
    },
    "_trickle": {
      "_isEnabled": false,
      "_autoScroll": false,
      "_scrollDuration": 500,
      "_onChildren": false,
      "_scrollTo": "@block +1",
      "_completionAttribute": "_isComplete",
      "_button": {
        "_isEnabled": false,
        "_styleBeforeCompletion": "hidden",
        "_styleAfterClick": "hidden",
        "_isFullWidth": true,
        "_autoHide": false,
        "_showEndOfPage": true,
        "_className": "",
        "_hasIcon": false,
        "text": "Continue",
        "ariaLabel": "Continue",
        "startText": "Begin",
        "startAriaLabel": "Begin",
        "finalText": "Finish",
        "finalAriaLabel": "Finish",
        "_component": "trickle-button"
      },
      "_stepLocking": {
        "_isEnabled": true,
        "_isCompletionRequired": true,
        "_isLockedOnRevisit": false
      }
    },
    "_pageLevelProgress": {
      "_isEnabled": false,
      "_isCompletionIndicatorEnabled": false
    },
    "_search": {
      "_isEnabled": true,
      "title": "",
      "keywords": ""
    }
  },
  {
    "_id": "6009be0248dfb71f8ec4d8d0",
    "title": "1.21 Referanser",
    "displayTitle": "",
    "body": "",
    "_classes": "background-image3",
    "_isOptional": false,
    "_isAvailable": true,
    "_parentId": "6009be0148dfb71f8ec4d8c2",
    "_type": "article",
    "_onScreen": {
      "_isEnabled": false,
      "_classes": "",
      "_percentInviewVertical": 50
    },
    "_trickle": {
      "_isEnabled": false,
      "_autoScroll": false,
      "_scrollDuration": 500,
      "_onChildren": false,
      "_scrollTo": "@block +1",
      "_completionAttribute": "_isComplete",
      "_button": {
        "_isEnabled": false,
        "_styleBeforeCompletion": "hidden",
        "_styleAfterClick": "hidden",
        "_isFullWidth": true,
        "_autoHide": false,
        "_showEndOfPage": true,
        "_className": "",
        "_hasIcon": false,
        "text": "Continue",
        "ariaLabel": "Continue",
        "startText": "Begin",
        "startAriaLabel": "Begin",
        "finalText": "Finish",
        "finalAriaLabel": "Finish",
        "_component": "trickle-button"
      },
      "_stepLocking": {
        "_isEnabled": true,
        "_isCompletionRequired": true,
        "_isLockedOnRevisit": false
      }
    },
    "_pageLevelProgress": {
      "_isEnabled": false,
      "_isCompletionIndicatorEnabled": false
    },
    "_search": {
      "_isEnabled": true,
      "title": "",
      "keywords": ""
    }
  },
  {
    "_id": "6009be0248dfb71f8ec4d8d9",
    "title": "Article title",
    "displayTitle": "",
    "body": "",
    "_classes": "background-image3",
    "_isOptional": false,
    "_isAvailable": true,
    "_parentId": "6009be0148dfb71f8ec4d8c2",
    "_type": "article",
    "_onScreen": {
      "_isEnabled": false,
      "_classes": "",
      "_percentInviewVertical": 50
    },
    "_trickle": {
      "_isEnabled": false,
      "_autoScroll": false,
      "_scrollDuration": 500,
      "_onChildren": false,
      "_scrollTo": "@block +1",
      "_completionAttribute": "_isComplete",
      "_button": {
        "_isEnabled": false,
        "_styleBeforeCompletion": "hidden",
        "_styleAfterClick": "hidden",
        "_isFullWidth": true,
        "_autoHide": false,
        "_showEndOfPage": true,
        "_className": "",
        "_hasIcon": false,
        "text": "Continue",
        "ariaLabel": "Continue",
        "startText": "Begin",
        "startAriaLabel": "Begin",
        "finalText": "Finish",
        "finalAriaLabel": "Finish",
        "_component": "trickle-button"
      },
      "_stepLocking": {
        "_isEnabled": true,
        "_isCompletionRequired": true,
        "_isLockedOnRevisit": false
      }
    },
    "_pageLevelProgress": {
      "_isEnabled": false,
      "_isCompletionIndicatorEnabled": false
    },
    "_search": {
      "_isEnabled": true,
      "title": "",
      "keywords": ""
    }
  }
]