[
  {
    "_id": "6009be0248dfb71f8ec4d8da",
    "title": "Block title",
    "displayTitle": "",
    "body": "",
    "_classes": "",
    "_trackingId": 0,
    "_isOptional": true,
    "_isAvailable": true,
    "_parentId": "6009be0148dfb71f8ec4d8c3",
    "_type": "block",
    "_onScreen": {
      "_isEnabled": false,
      "_classes": "",
      "_percentInviewVertical": 50
    },
    "_search": {
      "_isEnabled": true,
      "keywords": ""
    },
    "_trickle": {
      "_isEnabled": false,
      "_autoScroll": false,
      "_scrollDuration": 500,
      "_scrollTo": "@block +1",
      "_button": {
        "_isEnabled": true,
        "_styleBeforeCompletion": "hidden",
        "_styleAfterClick": "hidden",
        "_isFullWidth": true,
        "_autoHide": false,
        "_className": "",
        "text": "Continue",
        "startText": "Begin",
        "finalText": "Finish",
        "_component": "trickle-button"
      },
      "_stepLocking": {
        "_isEnabled": true,
        "_isCompletionRequired": true,
        "_isLockedOnRevisit": false
      }
    }
  },
  {
    "_id": "6009be0248dfb71f8ec4d8dd",
    "title": "Block title",
    "displayTitle": "",
    "body": "",
    "_classes": "",
    "_trackingId": 1,
    "_isOptional": false,
    "_isAvailable": true,
    "_parentId": "6009be0148dfb71f8ec4d8c6",
    "_type": "block",
    "_onScreen": {
      "_isEnabled": false,
      "_classes": "",
      "_percentInviewVertical": 50
    },
    "_search": {
      "_isEnabled": true,
      "keywords": ""
    },
    "_trickle": {
      "_isEnabled": false,
      "_autoScroll": false,
      "_scrollDuration": 1000,
      "_scrollTo": "@block +1",
      "_button": {
        "_isEnabled": true,
        "_styleBeforeCompletion": "hidden",
        "_styleAfterClick": "hidden",
        "_isFullWidth": true,
        "_autoHide": false,
        "_className": "",
        "text": "Fortsette",
        "startText": "Begin",
        "finalText": "Finish",
        "_component": "trickle-button"
      },
      "_stepLocking": {
        "_isEnabled": true,
        "_isCompletionRequired": true,
        "_isLockedOnRevisit": false
      }
    }
  },
  {
    "_id": "6009be0248dfb71f8ec4d8e0",
    "title": "Block title",
    "displayTitle": "",
    "body": "",
    "_classes": "",
    "_trackingId": 2,
    "_isOptional": false,
    "_isAvailable": true,
    "_parentId": "6009be0248dfb71f8ec4d8cb",
    "_type": "block"
  },
  {
    "_id": "6009be0248dfb71f8ec4d8e5",
    "title": "Block title",
    "displayTitle": "",
    "body": "",
    "_classes": "",
    "_trackingId": 3,
    "_isOptional": false,
    "_isAvailable": true,
    "_parentId": "6009be0248dfb71f8ec4d8c7",
    "_type": "block"
  },
  {
    "_id": "6009be0248dfb71f8ec4d8e6",
    "title": "Block title",
    "displayTitle": "",
    "body": "",
    "_classes": "",
    "_trackingId": 4,
    "_isOptional": false,
    "_isAvailable": true,
    "_parentId": "6009be0148dfb71f8ec4d8c5",
    "_type": "block"
  },
  {
    "_id": "6009be0248dfb71f8ec4d8e4",
    "title": "Block title",
    "displayTitle": "",
    "body": "",
    "_classes": "",
    "_trackingId": 5,
    "_isOptional": false,
    "_isAvailable": true,
    "_parentId": "6009be0248dfb71f8ec4d8d0",
    "_type": "block"
  },
  {
    "_id": "6009be0248dfb71f8ec4d8e8",
    "title": "Block title",
    "displayTitle": "",
    "body": "",
    "_classes": "block-padding-bottom-0",
    "_trackingId": 6,
    "_isOptional": false,
    "_isAvailable": true,
    "_parentId": "6009be0248dfb71f8ec4d8cc",
    "_type": "block",
    "_onScreen": {
      "_isEnabled": false,
      "_classes": "",
      "_percentInviewVertical": 50
    },
    "_search": {
      "_isEnabled": true,
      "title": "",
      "keywords": ""
    },
    "_pageLevelProgress": {
      "_isEnabled": false,
      "_isCompletionIndicatorEnabled": false
    },
    "_trickle": {
      "_isEnabled": false,
      "_isInherited": false,
      "_autoScroll": false,
      "_scrollDuration": 500,
      "_scrollTo": "@block +1",
      "_completionAttribute": "_isComplete",
      "_button": {
        "_isEnabled": true,
        "_styleBeforeCompletion": "hidden",
        "_styleAfterClick": "hidden",
        "_isFullWidth": true,
        "_autoHide": false,
        "_showEndOfPage": true,
        "_className": "",
        "_hasIcon": false,
        "text": "Continue",
        "ariaLabel": "Continue",
        "startText": "Begin",
        "startAriaLabel": "Begin",
        "finalText": "Finish",
        "finalAriaLabel": "Finish",
        "_component": "trickle-button"
      },
      "_stepLocking": {
        "_isEnabled": true,
        "_isCompletionRequired": true,
        "_isLockedOnRevisit": false
      }
    }
  },
  {
    "_id": "6009be0248dfb71f8ec4d8e9",
    "title": "Block title",
    "displayTitle": "",
    "body": "",
    "_classes": "",
    "_trackingId": 7,
    "_isOptional": false,
    "_isAvailable": true,
    "_parentId": "6009be0248dfb71f8ec4d8ce",
    "_type": "block"
  },
  {
    "_id": "6009be0248dfb71f8ec4d8ea",
    "title": "Block title",
    "displayTitle": "",
    "body": "",
    "_classes": "",
    "_trackingId": 8,
    "_isOptional": false,
    "_isAvailable": true,
    "_parentId": "6009be0248dfb71f8ec4d8cd",
    "_type": "block"
  },
  {
    "_id": "6009be0248dfb71f8ec4d8eb",
    "title": "Block title",
    "displayTitle": "",
    "body": "",
    "_classes": "",
    "_trackingId": 9,
    "_isOptional": false,
    "_isAvailable": true,
    "_parentId": "6009be0148dfb71f8ec4d8c4",
    "_type": "block"
  },
  {
    "_id": "6009be0248dfb71f8ec4d8ec",
    "title": "Block title",
    "displayTitle": "",
    "body": "",
    "_classes": "block-padding-bottom-0",
    "_trackingId": 10,
    "_isOptional": false,
    "_isAvailable": true,
    "_parentId": "6009be0248dfb71f8ec4d8c9",
    "_type": "block",
    "_onScreen": {
      "_isEnabled": false,
      "_classes": "",
      "_percentInviewVertical": 50
    },
    "_search": {
      "_isEnabled": true,
      "title": "",
      "keywords": ""
    },
    "_pageLevelProgress": {
      "_isEnabled": false,
      "_isCompletionIndicatorEnabled": false
    },
    "_trickle": {
      "_isEnabled": false,
      "_isInherited": false,
      "_autoScroll": true,
      "_scrollDuration": 1000,
      "_scrollTo": "@block +1",
      "_completionAttribute": "_isComplete",
      "_button": {
        "_isEnabled": true,
        "_styleBeforeCompletion": "hidden",
        "_styleAfterClick": "hidden",
        "_isFullWidth": true,
        "_autoHide": false,
        "_showEndOfPage": true,
        "_className": "",
        "_hasIcon": false,
        "text": "Fortsette",
        "ariaLabel": "Continue",
        "startText": "Begin",
        "startAriaLabel": "Begin",
        "finalText": "Finish",
        "finalAriaLabel": "Finish",
        "_component": "trickle-button"
      },
      "_stepLocking": {
        "_isEnabled": true,
        "_isCompletionRequired": true,
        "_isLockedOnRevisit": false
      }
    }
  },
  {
    "_id": "6009be0248dfb71f8ec4d8ee",
    "title": "Block title",
    "displayTitle": "",
    "body": "",
    "_classes": "",
    "_trackingId": 11,
    "_isOptional": false,
    "_isAvailable": true,
    "_parentId": "6009be0248dfb71f8ec4d8cf",
    "_type": "block"
  },
  {
    "_id": "6009be0248dfb71f8ec4d8f1",
    "title": "Block title",
    "displayTitle": "",
    "body": "",
    "_classes": "",
    "_trackingId": 12,
    "_isOptional": false,
    "_isAvailable": true,
    "_parentId": "6009be0248dfb71f8ec4d8c8",
    "_type": "block"
  },
  {
    "_id": "6009be0248dfb71f8ec4d8f2",
    "title": "Block title",
    "displayTitle": "",
    "body": "",
    "_classes": "",
    "_trackingId": 13,
    "_isOptional": false,
    "_isAvailable": true,
    "_parentId": "6009be0248dfb71f8ec4d8ca",
    "_type": "block"
  },
  {
    "_id": "6009be0248dfb71f8ec4d8f7",
    "title": "Block title",
    "displayTitle": "",
    "body": "",
    "_classes": "",
    "_trackingId": 14,
    "_isOptional": false,
    "_isAvailable": true,
    "_parentId": "6009be0248dfb71f8ec4d8d1",
    "_type": "block"
  },
  {
    "_id": "6009be0248dfb71f8ec4d8fa",
    "title": "Block title",
    "displayTitle": "",
    "body": "",
    "_classes": "",
    "_trackingId": 15,
    "_isOptional": false,
    "_isAvailable": true,
    "_parentId": "6009be0248dfb71f8ec4d8d2",
    "_type": "block"
  },
  {
    "_id": "6009be0248dfb71f8ec4d8fd",
    "title": "Block title",
    "displayTitle": "",
    "body": "",
    "_classes": "",
    "_trackingId": 16,
    "_isOptional": false,
    "_isAvailable": true,
    "_parentId": "6009be0248dfb71f8ec4d8d3",
    "_type": "block"
  },
  {
    "_id": "6009be0248dfb71f8ec4d901",
    "title": "Block title",
    "displayTitle": "",
    "body": "",
    "_classes": "",
    "_trackingId": 17,
    "_isOptional": false,
    "_isAvailable": true,
    "_parentId": "6009be0248dfb71f8ec4d8d5",
    "_type": "block"
  },
  {
    "_id": "6009be0248dfb71f8ec4d8ff",
    "title": "Block title",
    "displayTitle": "",
    "body": "",
    "_classes": "",
    "_trackingId": 18,
    "_isOptional": false,
    "_isAvailable": true,
    "_parentId": "6009be0248dfb71f8ec4d8d4",
    "_type": "block"
  },
  {
    "_id": "6009be0248dfb71f8ec4d903",
    "title": "Block title",
    "displayTitle": "",
    "body": "",
    "_classes": "",
    "_trackingId": 19,
    "_isOptional": false,
    "_isAvailable": true,
    "_parentId": "6009be0248dfb71f8ec4d8d6",
    "_type": "block"
  },
  {
    "_id": "6009be0248dfb71f8ec4d905",
    "title": "Block title",
    "displayTitle": "",
    "body": "",
    "_classes": "",
    "_trackingId": 20,
    "_isOptional": false,
    "_isAvailable": true,
    "_parentId": "6009be0248dfb71f8ec4d8d7",
    "_type": "block"
  },
  {
    "_id": "6009be0248dfb71f8ec4d907",
    "title": "Block title",
    "displayTitle": "",
    "body": "",
    "_classes": "",
    "_trackingId": 21,
    "_isOptional": false,
    "_isAvailable": true,
    "_parentId": "6009be0248dfb71f8ec4d8d8",
    "_type": "block"
  },
  {
    "_id": "6009be0248dfb71f8ec4d909",
    "title": "Block title",
    "displayTitle": "",
    "body": "",
    "_classes": "",
    "_trackingId": 22,
    "_isOptional": false,
    "_isAvailable": true,
    "_parentId": "6009be0248dfb71f8ec4d8d9",
    "_type": "block"
  },
  {
    "_id": "641973708b66cb15340690c9",
    "title": "Block title",
    "displayTitle": "",
    "body": "",
    "_classes": "",
    "_trackingId": 23,
    "_isOptional": false,
    "_isAvailable": true,
    "_parentId": "6419736fee9fd824e3134831",
    "_type": "block"
  },
  {
    "_id": "6009be0248dfb71f8ec4d8db",
    "title": "Block title",
    "displayTitle": "",
    "body": "",
    "_classes": "",
    "_trackingId": 24,
    "_isOptional": false,
    "_isAvailable": true,
    "_parentId": "6009be0148dfb71f8ec4d8c4",
    "_type": "block",
    "_onScreen": {
      "_isEnabled": false,
      "_classes": "",
      "_percentInviewVertical": 50
    },
    "_search": {
      "_isEnabled": true,
      "keywords": ""
    },
    "_trickle": {
      "_isEnabled": true,
      "_autoScroll": true,
      "_scrollDuration": 1000,
      "_scrollTo": "@block +1",
      "_button": {
        "_isEnabled": true,
        "_styleBeforeCompletion": "hidden",
        "_styleAfterClick": "hidden",
        "_isFullWidth": true,
        "_autoHide": false,
        "_className": "",
        "text": " Fortsette",
        "startText": "Begin",
        "finalText": "Finish",
        "_component": "trickle-button"
      },
      "_stepLocking": {
        "_isEnabled": true,
        "_isCompletionRequired": true,
        "_isLockedOnRevisit": false
      }
    }
  },
  {
    "_id": "6009be0248dfb71f8ec4d8de",
    "title": "Block title",
    "displayTitle": "",
    "body": "",
    "_classes": "",
    "_trackingId": 25,
    "_isOptional": false,
    "_isAvailable": true,
    "_parentId": "6009be0248dfb71f8ec4d8c8",
    "_type": "block",
    "_onScreen": {
      "_isEnabled": false,
      "_classes": "",
      "_percentInviewVertical": 50
    },
    "_search": {
      "_isEnabled": true,
      "keywords": ""
    },
    "_trickle": {
      "_isEnabled": true,
      "_autoScroll": true,
      "_scrollDuration": 1000,
      "_scrollTo": "@block +1",
      "_button": {
        "_isEnabled": true,
        "_styleBeforeCompletion": "hidden",
        "_styleAfterClick": "hidden",
        "_isFullWidth": true,
        "_autoHide": false,
        "_className": "",
        "text": "Fortsette",
        "startText": "Begin",
        "finalText": "Finish",
        "_component": "trickle-button"
      },
      "_stepLocking": {
        "_isEnabled": true,
        "_isCompletionRequired": true,
        "_isLockedOnRevisit": false
      }
    }
  },
  {
    "_id": "6009be0248dfb71f8ec4d8e1",
    "title": "Block title",
    "displayTitle": "",
    "body": "",
    "_classes": "",
    "_trackingId": 26,
    "_isOptional": false,
    "_isAvailable": true,
    "_parentId": "6009be0248dfb71f8ec4d8cd",
    "_type": "block",
    "_onScreen": {
      "_isEnabled": false,
      "_classes": "",
      "_percentInviewVertical": 50
    },
    "_search": {
      "_isEnabled": true,
      "keywords": ""
    },
    "_trickle": {
      "_isEnabled": true,
      "_autoScroll": true,
      "_scrollDuration": 1000,
      "_scrollTo": "@block +1",
      "_button": {
        "_isEnabled": true,
        "_styleBeforeCompletion": "hidden",
        "_styleAfterClick": "hidden",
        "_isFullWidth": true,
        "_autoHide": false,
        "_className": "",
        "text": "Fortsette",
        "startText": "Begin",
        "finalText": "Finish",
        "_component": "trickle-button"
      },
      "_stepLocking": {
        "_isEnabled": true,
        "_isCompletionRequired": true,
        "_isLockedOnRevisit": false
      }
    }
  },
  {
    "_id": "6009be0248dfb71f8ec4d8e3",
    "title": "Block title",
    "displayTitle": "",
    "body": "",
    "_classes": "",
    "_trackingId": 27,
    "_isOptional": false,
    "_isAvailable": true,
    "_parentId": "6009be0248dfb71f8ec4d8ce",
    "_type": "block",
    "_onScreen": {
      "_isEnabled": false,
      "_classes": "",
      "_percentInviewVertical": 50
    },
    "_search": {
      "_isEnabled": true,
      "keywords": ""
    },
    "_trickle": {
      "_isEnabled": true,
      "_autoScroll": true,
      "_scrollDuration": 1000,
      "_scrollTo": "@block +1",
      "_button": {
        "_isEnabled": true,
        "_styleBeforeCompletion": "hidden",
        "_styleAfterClick": "hidden",
        "_isFullWidth": true,
        "_autoHide": false,
        "_className": "",
        "text": "Fortsette",
        "startText": "Begin",
        "finalText": "Finish",
        "_component": "trickle-button"
      },
      "_stepLocking": {
        "_isEnabled": true,
        "_isCompletionRequired": true,
        "_isLockedOnRevisit": false
      }
    }
  },
  {
    "_id": "6009be0248dfb71f8ec4d8e7",
    "title": "Block title",
    "displayTitle": "",
    "body": "",
    "_classes": "",
    "_trackingId": 28,
    "_isOptional": false,
    "_isAvailable": true,
    "_parentId": "6009be0148dfb71f8ec4d8c6",
    "_type": "block",
    "_onScreen": {
      "_isEnabled": false,
      "_classes": "",
      "_percentInviewVertical": 50
    },
    "_search": {
      "_isEnabled": true,
      "keywords": ""
    },
    "_trickle": {
      "_isEnabled": true,
      "_autoScroll": true,
      "_scrollDuration": 1000,
      "_scrollTo": "@block +1",
      "_button": {
        "_isEnabled": true,
        "_styleBeforeCompletion": "hidden",
        "_styleAfterClick": "hidden",
        "_isFullWidth": true,
        "_autoHide": false,
        "_className": "",
        "text": "Fortsette",
        "startText": "Begin",
        "finalText": "Finish",
        "_component": "trickle-button"
      },
      "_stepLocking": {
        "_isEnabled": true,
        "_isCompletionRequired": true,
        "_isLockedOnRevisit": false
      }
    }
  },
  {
    "_id": "6009be0248dfb71f8ec4d8ed",
    "title": "Block title",
    "displayTitle": "",
    "body": "",
    "_classes": "",
    "_trackingId": 29,
    "_isOptional": false,
    "_isAvailable": true,
    "_parentId": "6009be0248dfb71f8ec4d8cb",
    "_type": "block",
    "_onScreen": {
      "_isEnabled": false,
      "_classes": "",
      "_percentInviewVertical": 50
    },
    "_search": {
      "_isEnabled": true,
      "keywords": ""
    },
    "_trickle": {
      "_isEnabled": true,
      "_autoScroll": true,
      "_scrollDuration": 1000,
      "_scrollTo": "@block +1",
      "_button": {
        "_isEnabled": true,
        "_styleBeforeCompletion": "hidden",
        "_styleAfterClick": "hidden",
        "_isFullWidth": true,
        "_autoHide": false,
        "_className": "",
        "text": " Fortsette",
        "startText": "Begin",
        "finalText": "Finish",
        "_component": "trickle-button"
      },
      "_stepLocking": {
        "_isEnabled": true,
        "_isCompletionRequired": true,
        "_isLockedOnRevisit": false
      }
    }
  },
  {
    "_id": "6009be0248dfb71f8ec4d8ef",
    "title": "Block title",
    "displayTitle": "",
    "body": "",
    "_classes": "",
    "_trackingId": 30,
    "_isOptional": false,
    "_isAvailable": true,
    "_parentId": "6009be0148dfb71f8ec4d8c5",
    "_type": "block",
    "_onScreen": {
      "_isEnabled": false,
      "_classes": "",
      "_percentInviewVertical": 50
    },
    "_search": {
      "_isEnabled": true,
      "keywords": ""
    },
    "_trickle": {
      "_isEnabled": true,
      "_autoScroll": true,
      "_scrollDuration": 1000,
      "_scrollTo": "@block +1",
      "_button": {
        "_isEnabled": true,
        "_styleBeforeCompletion": "hidden",
        "_styleAfterClick": "hidden",
        "_isFullWidth": true,
        "_autoHide": false,
        "_className": "",
        "text": "Fortsette",
        "startText": "Begin",
        "finalText": "Finish",
        "_component": "trickle-button"
      },
      "_stepLocking": {
        "_isEnabled": true,
        "_isCompletionRequired": true,
        "_isLockedOnRevisit": false
      }
    }
  },
  {
    "_id": "6009be0248dfb71f8ec4d8f0",
    "title": "Block title",
    "displayTitle": "",
    "body": "",
    "_classes": "",
    "_trackingId": 31,
    "_isOptional": false,
    "_isAvailable": true,
    "_parentId": "6009be0248dfb71f8ec4d8c7",
    "_type": "block",
    "_onScreen": {
      "_isEnabled": false,
      "_classes": "",
      "_percentInviewVertical": 50
    },
    "_search": {
      "_isEnabled": true,
      "keywords": ""
    },
    "_trickle": {
      "_isEnabled": true,
      "_autoScroll": true,
      "_scrollDuration": 1000,
      "_scrollTo": "@block +1",
      "_button": {
        "_isEnabled": true,
        "_styleBeforeCompletion": "hidden",
        "_styleAfterClick": "hidden",
        "_isFullWidth": true,
        "_autoHide": false,
        "_className": "",
        "text": " Fortsette",
        "startText": "Begin",
        "finalText": "Finish",
        "_component": "trickle-button"
      },
      "_stepLocking": {
        "_isEnabled": true,
        "_isCompletionRequired": true,
        "_isLockedOnRevisit": false
      }
    }
  },
  {
    "_id": "6009be0248dfb71f8ec4d8f3",
    "title": "Block title",
    "displayTitle": "",
    "body": "",
    "_classes": "",
    "_trackingId": 32,
    "_isOptional": false,
    "_isAvailable": true,
    "_parentId": "6009be0248dfb71f8ec4d8cf",
    "_type": "block",
    "_onScreen": {
      "_isEnabled": false,
      "_classes": "",
      "_percentInviewVertical": 50
    },
    "_search": {
      "_isEnabled": true,
      "keywords": ""
    },
    "_trickle": {
      "_isEnabled": true,
      "_autoScroll": true,
      "_scrollDuration": 1000,
      "_scrollTo": "@block +1",
      "_button": {
        "_isEnabled": true,
        "_styleBeforeCompletion": "hidden",
        "_styleAfterClick": "hidden",
        "_isFullWidth": true,
        "_autoHide": false,
        "_className": "",
        "text": " Fortsette",
        "startText": "Begin",
        "finalText": "Finish",
        "_component": "trickle-button"
      },
      "_stepLocking": {
        "_isEnabled": true,
        "_isCompletionRequired": true,
        "_isLockedOnRevisit": false
      }
    }
  },
  {
    "_id": "6009be0248dfb71f8ec4d8f4",
    "title": "Block title",
    "displayTitle": "",
    "body": "",
    "_classes": "",
    "_trackingId": 33,
    "_isOptional": false,
    "_isAvailable": true,
    "_parentId": "6009be0248dfb71f8ec4d8c9",
    "_type": "block"
  },
  {
    "_id": "6009be0248dfb71f8ec4d8f6",
    "title": "Block title",
    "displayTitle": "",
    "body": "",
    "_classes": "",
    "_trackingId": 34,
    "_isOptional": false,
    "_isAvailable": true,
    "_parentId": "6009be0248dfb71f8ec4d8cc",
    "_type": "block"
  },
  {
    "_id": "6009be0248dfb71f8ec4d8f8",
    "title": "Block title",
    "displayTitle": "",
    "body": "",
    "_classes": "",
    "_trackingId": 35,
    "_isOptional": false,
    "_isAvailable": true,
    "_parentId": "6009be0248dfb71f8ec4d8d1",
    "_type": "block",
    "_onScreen": {
      "_isEnabled": false,
      "_classes": "",
      "_percentInviewVertical": 50
    },
    "_search": {
      "_isEnabled": true,
      "keywords": ""
    },
    "_trickle": {
      "_isEnabled": true,
      "_autoScroll": true,
      "_scrollDuration": 1000,
      "_scrollTo": "@block +1",
      "_button": {
        "_isEnabled": true,
        "_styleBeforeCompletion": "hidden",
        "_styleAfterClick": "hidden",
        "_isFullWidth": true,
        "_autoHide": false,
        "_className": "",
        "text": "Fortsette",
        "startText": "Begin",
        "finalText": "Finish",
        "_component": "trickle-button"
      },
      "_stepLocking": {
        "_isEnabled": true,
        "_isCompletionRequired": true,
        "_isLockedOnRevisit": false
      }
    }
  },
  {
    "_id": "6009be0248dfb71f8ec4d8fb",
    "title": "Block title",
    "displayTitle": "",
    "body": "",
    "_classes": "",
    "_trackingId": 36,
    "_isOptional": false,
    "_isAvailable": true,
    "_parentId": "6009be0248dfb71f8ec4d8d2",
    "_type": "block",
    "_onScreen": {
      "_isEnabled": false,
      "_classes": "",
      "_percentInviewVertical": 50
    },
    "_search": {
      "_isEnabled": true,
      "keywords": ""
    },
    "_trickle": {
      "_isEnabled": true,
      "_autoScroll": true,
      "_scrollDuration": 1000,
      "_scrollTo": "@block +1",
      "_button": {
        "_isEnabled": true,
        "_styleBeforeCompletion": "hidden",
        "_styleAfterClick": "hidden",
        "_isFullWidth": true,
        "_autoHide": false,
        "_className": "",
        "text": " Fortsette",
        "startText": "Begin",
        "finalText": "Finish",
        "_component": "trickle-button"
      },
      "_stepLocking": {
        "_isEnabled": true,
        "_isCompletionRequired": true,
        "_isLockedOnRevisit": false
      }
    }
  },
  {
    "_id": "6009be0248dfb71f8ec4d8fe",
    "title": "Block title",
    "displayTitle": "",
    "body": "",
    "_classes": "",
    "_trackingId": 37,
    "_isOptional": false,
    "_isAvailable": true,
    "_parentId": "6009be0248dfb71f8ec4d8d3",
    "_type": "block",
    "_onScreen": {
      "_isEnabled": false,
      "_classes": "",
      "_percentInviewVertical": 50
    },
    "_search": {
      "_isEnabled": true,
      "keywords": ""
    },
    "_trickle": {
      "_isEnabled": true,
      "_autoScroll": true,
      "_scrollDuration": 1000,
      "_scrollTo": "@block +1",
      "_button": {
        "_isEnabled": true,
        "_styleBeforeCompletion": "hidden",
        "_styleAfterClick": "hidden",
        "_isFullWidth": true,
        "_autoHide": false,
        "_className": "",
        "text": "Fortsette",
        "startText": "Begin",
        "finalText": "Finish",
        "_component": "trickle-button"
      },
      "_stepLocking": {
        "_isEnabled": true,
        "_isCompletionRequired": true,
        "_isLockedOnRevisit": false
      }
    }
  },
  {
    "_id": "6009be0248dfb71f8ec4d900",
    "title": "Block title",
    "displayTitle": "",
    "body": "",
    "_classes": "",
    "_trackingId": 38,
    "_isOptional": false,
    "_isAvailable": true,
    "_parentId": "6009be0248dfb71f8ec4d8d4",
    "_type": "block",
    "_onScreen": {
      "_isEnabled": false,
      "_classes": "",
      "_percentInviewVertical": 50
    },
    "_search": {
      "_isEnabled": true,
      "keywords": ""
    },
    "_trickle": {
      "_isEnabled": true,
      "_autoScroll": true,
      "_scrollDuration": 1000,
      "_scrollTo": "@block +1",
      "_button": {
        "_isEnabled": true,
        "_styleBeforeCompletion": "hidden",
        "_styleAfterClick": "hidden",
        "_isFullWidth": true,
        "_autoHide": false,
        "_className": "",
        "text": " Fortsette",
        "startText": "Begin",
        "finalText": "Finish",
        "_component": "trickle-button"
      },
      "_stepLocking": {
        "_isEnabled": true,
        "_isCompletionRequired": true,
        "_isLockedOnRevisit": false
      }
    }
  },
  {
    "_id": "6009be0248dfb71f8ec4d902",
    "title": "Block title",
    "displayTitle": "",
    "body": "",
    "_classes": "",
    "_trackingId": 39,
    "_isOptional": false,
    "_isAvailable": true,
    "_parentId": "6009be0248dfb71f8ec4d8d5",
    "_type": "block",
    "_onScreen": {
      "_isEnabled": false,
      "_classes": "",
      "_percentInviewVertical": 50
    },
    "_search": {
      "_isEnabled": true,
      "keywords": ""
    },
    "_trickle": {
      "_isEnabled": true,
      "_autoScroll": true,
      "_scrollDuration": 1000,
      "_scrollTo": "@block +1",
      "_button": {
        "_isEnabled": true,
        "_styleBeforeCompletion": "hidden",
        "_styleAfterClick": "hidden",
        "_isFullWidth": true,
        "_autoHide": false,
        "_className": "",
        "text": "Fortsette",
        "startText": "Begin",
        "finalText": "Finish",
        "_component": "trickle-button"
      },
      "_stepLocking": {
        "_isEnabled": true,
        "_isCompletionRequired": true,
        "_isLockedOnRevisit": false
      }
    }
  },
  {
    "_id": "6009be0248dfb71f8ec4d904",
    "title": "Block title",
    "displayTitle": "",
    "body": "",
    "_classes": "",
    "_trackingId": 40,
    "_isOptional": false,
    "_isAvailable": true,
    "_parentId": "6009be0248dfb71f8ec4d8d6",
    "_type": "block",
    "_onScreen": {
      "_isEnabled": false,
      "_classes": "",
      "_percentInviewVertical": 50
    },
    "_search": {
      "_isEnabled": true,
      "keywords": ""
    },
    "_trickle": {
      "_isEnabled": true,
      "_autoScroll": true,
      "_scrollDuration": 1000,
      "_scrollTo": "@block +1",
      "_button": {
        "_isEnabled": true,
        "_styleBeforeCompletion": "hidden",
        "_styleAfterClick": "hidden",
        "_isFullWidth": true,
        "_autoHide": false,
        "_className": "",
        "text": " Fortsette",
        "startText": "Begin",
        "finalText": "Finish",
        "_component": "trickle-button"
      },
      "_stepLocking": {
        "_isEnabled": true,
        "_isCompletionRequired": true,
        "_isLockedOnRevisit": false
      }
    }
  },
  {
    "_id": "6009be0248dfb71f8ec4d906",
    "title": "Block title",
    "displayTitle": "",
    "body": "",
    "_classes": "",
    "_trackingId": 41,
    "_isOptional": false,
    "_isAvailable": true,
    "_parentId": "6009be0248dfb71f8ec4d8d7",
    "_type": "block",
    "_onScreen": {
      "_isEnabled": false,
      "_classes": "",
      "_percentInviewVertical": 50
    },
    "_search": {
      "_isEnabled": true,
      "keywords": ""
    },
    "_trickle": {
      "_isEnabled": true,
      "_autoScroll": true,
      "_scrollDuration": 1000,
      "_scrollTo": "@block +1",
      "_button": {
        "_isEnabled": true,
        "_styleBeforeCompletion": "hidden",
        "_styleAfterClick": "hidden",
        "_isFullWidth": true,
        "_autoHide": false,
        "_className": "",
        "text": "Fortsette",
        "startText": "Begin",
        "finalText": "Finish",
        "_component": "trickle-button"
      },
      "_stepLocking": {
        "_isEnabled": true,
        "_isCompletionRequired": true,
        "_isLockedOnRevisit": false
      }
    }
  },
  {
    "_id": "6009be0248dfb71f8ec4d908",
    "title": "Block title",
    "displayTitle": "",
    "body": "",
    "_classes": "",
    "_trackingId": 42,
    "_isOptional": false,
    "_isAvailable": true,
    "_parentId": "6009be0248dfb71f8ec4d8d8",
    "_type": "block",
    "_onScreen": {
      "_isEnabled": false,
      "_classes": "",
      "_percentInviewVertical": 50
    },
    "_search": {
      "_isEnabled": true,
      "keywords": ""
    },
    "_trickle": {
      "_isEnabled": true,
      "_autoScroll": true,
      "_scrollDuration": 1000,
      "_scrollTo": "@block +1",
      "_button": {
        "_isEnabled": true,
        "_styleBeforeCompletion": "hidden",
        "_styleAfterClick": "hidden",
        "_isFullWidth": true,
        "_autoHide": false,
        "_className": "",
        "text": " Fortsette",
        "startText": "Begin",
        "finalText": "Finish",
        "_component": "trickle-button"
      },
      "_stepLocking": {
        "_isEnabled": true,
        "_isCompletionRequired": true,
        "_isLockedOnRevisit": false
      }
    }
  },
  {
    "_id": "6009be0248dfb71f8ec4d8e2",
    "title": "Block title",
    "displayTitle": "",
    "body": "",
    "_classes": "",
    "_trackingId": 43,
    "_isOptional": false,
    "_isAvailable": true,
    "_parentId": "6009be0248dfb71f8ec4d8cc",
    "_type": "block",
    "_onScreen": {
      "_isEnabled": false,
      "_classes": "",
      "_percentInviewVertical": 50
    },
    "_search": {
      "_isEnabled": true,
      "keywords": ""
    },
    "_trickle": {
      "_isEnabled": true,
      "_autoScroll": true,
      "_scrollDuration": 1000,
      "_scrollTo": "@block +1",
      "_button": {
        "_isEnabled": true,
        "_styleBeforeCompletion": "hidden",
        "_styleAfterClick": "hidden",
        "_isFullWidth": true,
        "_autoHide": false,
        "_className": "",
        "text": "Fortsette",
        "startText": "Begin",
        "finalText": "Finish",
        "_component": "trickle-button"
      },
      "_stepLocking": {
        "_isEnabled": true,
        "_isCompletionRequired": true,
        "_isLockedOnRevisit": false
      }
    }
  },
  {
    "_id": "6009be0248dfb71f8ec4d8f5",
    "title": "Block title",
    "displayTitle": "",
    "body": "",
    "_classes": "",
    "_trackingId": 44,
    "_isOptional": false,
    "_isAvailable": true,
    "_parentId": "6009be0248dfb71f8ec4d8c9",
    "_type": "block",
    "_onScreen": {
      "_isEnabled": false,
      "_classes": "",
      "_percentInviewVertical": 50
    },
    "_search": {
      "_isEnabled": true,
      "keywords": ""
    },
    "_trickle": {
      "_isEnabled": true,
      "_autoScroll": true,
      "_scrollDuration": 1000,
      "_scrollTo": "@block +1",
      "_button": {
        "_isEnabled": true,
        "_styleBeforeCompletion": "hidden",
        "_styleAfterClick": "hidden",
        "_isFullWidth": true,
        "_autoHide": false,
        "_className": "",
        "text": "Fortsette",
        "startText": "Begin",
        "finalText": "Finish",
        "_component": "trickle-button"
      },
      "_stepLocking": {
        "_isEnabled": true,
        "_isCompletionRequired": true,
        "_isLockedOnRevisit": false
      }
    }
  }
]