{
  "_id": "course",
  "title": "SCORM: SH565 - 1 - Samtykkekompetanse - Samtykke til helsehjelp",
  "displayTitle": "SCORM: SH565 - 1 - Samtykkekompetanse - Samtykke til helsehjelp",
  "body": "",
  "description": "",
  "_latestTrackingId": 44,
  "_language": "no",
  "_multilanguage": [],
  "_buttons": {
    "_submit": {
      "buttonText": "Svar",
      "ariaLabel": "Submit"
    },
    "_reset": {
      "buttonText": "Prøv igjen, svar riktig for å fortsette.",
      "ariaLabel": "Reset"
    },
    "_showCorrectAnswer": {
      "buttonText": "Vis tilbakemelding",
      "ariaLabel": "Show correct answer"
    },
    "_hideCorrectAnswer": {
      "buttonText": "Gjem tilbakemelding",
      "ariaLabel": "Hide correct answer"
    },
    "_showFeedback": {
      "buttonText": "Vis tilbakemelding",
      "ariaLabel": "Show feedback"
    },
    "remainingAttemptsText": "remaining attempts",
    "remainingAttemptText": "final attempt",
    "disabledAriaLabel": "This button is disabled at the moment"
  },
  "_classes": "",
  "_lockType": null,
  "_type": "course",
  "_start": {
    "_isEnabled": true,
    "_startIds": [
      {
        "_id": "6009be0148dfb71f8ec4d8c2",
        "_skipIfComplete": false,
        "_className": ""
      }
    ],
    "_force": false,
    "_isMenuDisabled": true
  },
  "_globals": {
    "_accessibility": {
      "_accessibilityToggleTextOn": "Turn accessibility on?",
      "_accessibilityToggleTextOff": "Turn accessibility off?",
      "skipNavigationText": "Skip navigation",
      "_accessibilityInstructions": {
        "touch": "Usage instructions. Use swipe left for next. Use swipe right for previous. Use a double tab to select. Use a two finger slide up to go to the top of the page.",
        "notouch": "Usage instructions. Use tab for next. Use shift tab for previous. Use enter to select. Use escape to go to the top of the page.",
        "ipad": "Usage instructions for touchscreens. Use swipe left for next. Use swipe right for previous. Use a double tab to select. Use a two finger slide up to go to the top of the page. Usage instructions for keyboard access. Use left for next. Use right for previous. Use up and down together to select."
      },
      "_ariaLabels": {
        "navigation": "Course navigation bar",
        "skipNavigation": "Skip navigation",
        "home": "Hjem",
        "menuLoaded": "Menu loaded",
        "menu": "Menu",
        "menuItem": "Menu item",
        "menuViewButton": "Select here to enter",
        "page": "Page",
        "pageLoaded": "Page loaded",
        "previous": "Forrige",
        "navigationBack": "Navigate back",
        "navigationDrawer": "Open course resources and search",
        "closeResources": "Close resources",
        "drawerBack": "Back to drawer",
        "drawer": "Side drawer",
        "closeDrawer": "Close drawer",
        "closePopup": "Lukk tilbakemelding",
        "next": "Neste",
        "done": "Done",
        "complete": "Complete",
        "incomplete": "Incomplete",
        "correct": "Correct",
        "incorrect": "Incorrect",
        "locked": "Locked",
        "accessibilityToggleButton": "By selecting this button you can set whether accessibility is turned on or off",
        "feedbackPopUp": "Popup opened",
        "visited": "Visited",
        "menuBack": "Back to menu",
        "menuIndicatorHeading": "Menu item heading ",
        "exit": "Exit"
      }
    },
    "_components": {
      "_accordion": {
        "ariaRegion": "Accordion. Select each button to expand the content."
      },
      "_mcq": {
        "ariaRegion": "This is a multiple choice question. Once you have selected an option, select the submit button below",
        "ariaCorrectAnswer": "The correct answer is {{{correctAnswer}}}",
        "ariaCorrectAnswers": "The correct answers are {{{correctAnswer}}}",
        "ariaUserAnswer": "The answer you chose was {{{userAnswer}}}",
        "ariaUserAnswers": "The answers you chose were {{{userAnswer}}}"
      },
      "_graphic": {
        "ariaRegion": ""
      },
      "_text": {
        "ariaRegion": ""
      },
      "_flipcard": {
        "ariaRegion": "This component is a flipcard comprised of flippable cards containing display image. Select the front face image to flip to the back face of these card to display associated text."
      }
    },
    "_extensions": {
      "_references": {
        "referencePopoverTitle": "Reference",
        "referencesTitle": "References",
        "furtherResourcesTitle": "Further resources"
      },
      "_trickle": {
        "incompleteContent": "There is incomplete content above. You must complete this before you can proceed through the course."
      },
      "_pageLevelProgress": {
        "pageLevelProgress": "Page sections",
        "pageLevelProgressIndicatorBar": "Progress bar. Select here to view your current progress, and select an item to navigate to it. You have completed ",
        "pageLevelProgressMenuBar": "You have completed ",
        "pageLevelProgressEnd": "You have reached the end of the list of page sections.",
        "optionalContent": "Optional Content"
      },
      "_tutor": {
        "hideFeedback": "Hide feedback"
      }
    },
    "_menu": {
      "_cinnamonMenu": {
        "ariaRegion": "Menu",
        "durationLabel": "Duration:",
        "menuItem": "Menu item.",
        "menuEnd": "You have reached the end of the menu."
      }
    }
  },
  "metadata": {
    "parentCourseIds": [
      "5b6d2cb18394797ca370ea8d",
      "5b766bd5a2cf297e423c81ee",
      "5c9b6ed954ce0c123a5fa65f",
      "5cab22f050446812a4b5e040",
      "5cac8353a1c9602a8e1946b5",
      "5ccc035477bfaa11fb2eabbf",
      "5cda9826ba08c1372f09411f",
      "5cdbd7899347d76d94c5302f",
      "5df0e486ba80fe604f0ff8e3",
      "5e4a5c9f1fd98a6a3c9000b9",
      "5e7b4471f41d6619069c2868",
      "5e831124eed1ad17d1a09c31",
      "5e8494b184573a1806c6476c",
      "5e8ad71188932612848c0d88",
      "5e8d960317941973c7178b63",
      "5e9d544a81974a729588dfcf",
      "5e9ec2f0f9c9f072ea72459d",
      "5ec3939042cb381830134ba8"
    ]
  },
  "_menu": {
    "_cinnamonMenu": {
      "_menuInstructionText": "For å begynne kurset, klikk på boksene under"
    }
  },
  "_search": {
    "_isEnabled": false,
    "_drawerOrder": 0,
    "_matchOn": {
      "_contentWordBeginsPhraseWord": false,
      "_contentWordContainsPhraseWord": false,
      "_contentWordEqualsPhraseWord": true,
      "_phraseWordBeginsContentWord": true
    },
    "_previewWords": 10,
    "_previewCharacters": 30,
    "_showFoundWords": true,
    "_showHighlights": true,
    "_ignoreWords": "a,an,and,are,as,at,be,by,for,from,has,he,in,is,it,its,of,on,that,the,to,was,were,will,wish",
    "_minimumWordLength": 2,
    "_frequencyImportance": 5,
    "title": "Search",
    "description": "Enter search criteria",
    "placeholder": "",
    "noResultsMessage": "No results found",
    "awaitingResultsMessage": "Formulating results..."
  },
  "_spoor": {
    "_messages": null
  },
  "_references": {
    "_referenceItems": [
      {
        "id": "1",
        "citation": "<p>NEL - Basal hjerte-lunge-redning (HLR) - voksne</p><p><a href=\"https://legehandboka.no/EPiServer/CMS/#context=epi.cms.contentdata:///13218\" target=\"_top\" title=\"Rediger dokument\"><i></i></a></p>",
        "url": "https://legehandboka.no/handboken/kliniske-kapitler/forstehjelp/rad-til-helsepersonell/hjerte-lunge-redning/hjerte-lunge-redning-basal-voksne/",
        "urltext": "NEL",
        "shouldDisplayAsButton": false
      },
      {
        "id": "Referanse - kurskompendie",
        "citation": "<p>Kurskompendie - Basal hjerte-lunge-redning (HLR) - voksne - Side 4</p>",
        "url": "https://nhi.learningpool.com/pluginfile.php/1278/mod_resource/content/3/kurskompendie-hlr.pdf#page=4",
        "urltext": "Kurskompendie - HLR",
        "shouldDisplayAsButton": false
      }
    ],
    "_resourceItems": []
  },
  "_pageFooterNavigation": {
    "_isEnabled": true,
    "_displayIcons": false,
    "nextButtonText": "Neste",
    "prevButtonText": "Forrige",
    "homeButtonText": "Hjem",
    "upButtonText": "Opp",
    "_displayOptions": "scrollToBottom",
    "_hideHomeButton": false,
    "_hideUpButton": false,
    "_hidePrevButton": true,
    "_hideNextButton": false
  },
  "_pageLevelProgress": {
    "_isEnabled": true,
    "_showPageCompletion": true,
    "_isCompletionIndicatorEnabled": false,
    "_isShownInNavigationBar": true
  },
  "_tutor": {
    "_type": "notify",
    "_classes": "",
    "_hasNotifyBottomButton": false,
    "_button": {
      "text": "{{_globals._extensions._tutor.hideFeedback}}",
      "ariaLabel": "{{_globals._extensions._tutor.hideFeedback}}"
    }
  }
}